Country Code,Country Name,1960,1961,1962,1963,1964,1965,1966,1967,1968,1969,1970,1971,1972,1973,1974,1975,1976,1977,1978,1979,1980,1981,1982,1983,1984,1985,1986,1987,1988,1989,1990,1991,1992,1993,1994,1995,1996,1997,1998,1999
AFG,Afghanistan,..,..,..,..,..,..,..,..,..,..,..,..,..,..,..,..,..,..,..,..,..,..,..,..,..,..,..,..,..,..,..,..,..,..,..,..,..,..,..,..
ALB,Albania,..,..,..,..,..,..,..,..,..,..,..,..,..,..,..,..,..,..,..,..,..,..,..,..,..,..,..,..,..,..,..,43.52,114.08,98.8,100,100,99.18,98.8,..,112.3980026
DZA,Algeria,88.82,90.37,90.93,92.02,95.87,90.68,95.31,92.12,85.22,83.53,80.88,88.83,89.05,107.61,209.03,173.83,182.13,182.39,160.98,204.98,290.64,333.7,283.33,287.83,282.96,307.34,158.24,160.37,141.95,158.52,126.11,139.8,125,101.39,98.73,100,116.07,124.43,116.86,105.3280029
ASM,American Samoa,..,..,..,..,..,..,..,..,..,..,..,..,..,..,..,..,..,..,..,..,..,..,..,..,..,..,..,..,..,..,..,..,..,..,..,..,..,..,..,..
ADO,Andorra,..,..,..,..,..,..,..,..,..,..,..,..,..,..,..,..,..,..,..,..,..,..,..,..,..,..,..,..,..,..,..,..,..,..,..,..,..,..,..,..
AGO,Angola,..,..,..,..,..,..,..,..,..,..,..,..,..,..,..,..,..,..,..,..,..,..,..,..,..,127.93,91.17,91.05,114.24,131.33,144.49,91.43,91.35,91.38,100.08,100,100,100,69.97,..
ATG,Antigua and Barbuda,..,..,..,..,..,..,..,..,..,..,..,..,..,..,..,..,..,..,..,..,..,..,..,..,..,..,..,..,..,..,..,..,..,..,..,..,..,..,..,100
ARG,Argentina,..,..,61.78,95.04,124.24,171.09,119.81,134.79,126.5,108.72,103.12,98.47,106.3,116.6,100.96,100.59,96.1,87.67,87.59,95.54,111.88,117.35,96.25,98.24,107.45,94.81,85.92,79.91,90.23,90.69,84.97,89.62,96.39,101.4,102.83,100,105.93,105.45,101.7,97.15630341
ARM,Armenia,..,..,..,..,..,..,..,..,..,..,..,..,..,..,..,..,..,..,..,..,..,..,..,..,..,..,..,..,..,..,172.54,172.82,172.6,172.62,105.05,100,102.17,86.41,..,98.82039642
ABW,Aruba,..,..,..,..,..,..,..,..,..,..,..,..,..,..,..,..,..,..,..,..,..,..,..,..,..,..,..,..,..,..,..,..,..,..,..,..,..,..,..,..
AUS,Australia,109.32,110.52,112.76,124.44,118.66,118.58,117.75,112.96,116.08,118.2,106.06,103.82,123.58,132.75,120.81,115.29,111.51,101.45,102.19,105.89,105.05,103.39,101.89,104.32,102.1,92.47,85.52,92.62,105.05,104.51,99.16,96.47,93.42,91.65,95.56,100,105.58,..,..,..
AUT,Austria,108.34,109.89,109.62,110.34,111.37,112.31,112.42,111.33,112.42,109.89,109.1,108.05,109.5,113.02,106.73,107.5,106.39,104.43,105.32,103.77,100.62,96.73,98.17,99.35,99.48,98.72,100.13,100.95,101.44,99.8,100.13,99.53,99.99,99.91,100.12,100,99.18,..,..,97.42759705
AZE,Azerbaijan,..,..,..,..,..,..,..,..,..,..,..,..,..,..,..,..,..,..,..,..,..,..,..,..,..,..,..,..,..,..,..,..,..,..,106.28,100,100.01,96.35,84.73,86.46800232
BHS,"Bahamas, The",..,..,..,..,..,..,..,..,..,..,..,..,..,..,..,..,..,..,..,..,..,..,..,..,..,..,..,..,..,..,..,..,..,..,..,..,..,..,..,..
BHR,Bahrain,..,..,..,..,..,..,..,..,..,..,..,..,..,..,..,..,..,..,..,..,..,..,..,..,..,..,..,..,..,..,..,..,..,..,..,..,..,..,..,..
BGD,Bangladesh,..,..,..,..,..,155.04,158.66,190.96,168.58,169.43,163.28,156.05,142.43,50.78,87.22,69.9,64.78,77.08,75.64,79.73,81.96,76.14,64.75,73.38,85.29,106.72,81.69,87.02,93.72,82.79,90.66,95.74,80.82,99.27,91.29,100,99.94,99.55,99.01,86.61009979
BRB,Barbados,..,..,..,..,..,..,..,..,..,..,..,..,..,..,..,..,..,..,..,..,..,..,..,..,..,..,..,..,..,..,..,..,..,..,..,..,..,..,..,100
BLR,Belarus,..,..,..,..,..,..,..,..,..,..,..,..,..,..,..,..,..,..,..,..,..,..,..,..,..,..,..,..,..,..,101.39,107.8,95.28,100.71,95.71,100,..,..,..,112.5139999
BEL,Belgium,101.7,99.69,99.92,98.08,99.03,100.21,100.73,100.7,100.31,101.73,102.01,100.7,102.02,102.67,100.19,99.01,98.38,98.78,98.76,98.78,94.53,91,90.6,90.41,90.49,91.17,95.14,96.11,97.49,97.85,97.85,97.78,99.54,101.01,100.39,100,99.74,..,..,99.36219788
BLZ,Belize,..,..,..,..,..,..,..,..,..,..,..,..,..,..,..,..,..,..,..,..,153.04,90.75,97.07,101.5,100,81.81,85.69,100.24,110.48,105.7,110.19,100,100,99.98,99.99,100,100.01,102.99,..,99.58360291
BEN,Benin,104.68,102.92,107.57,113.59,106.2,105.99,107.18,111.06,131.75,114.74,123.6,118.96,103.01,123,101.07,95.42,89.01,101.16,100.27,93.04,88.69,76.02,96.27,96.5,102.26,96.34,85.05,80.22,87.73,74.44,108.87,96.34,87.28,84.2,81.61,100,91.45,90.34,94.83,82.29930115
BMU,Bermuda,..,..,..,..,..,..,..,..,..,..,..,..,..,..,..,..,..,..,..,..,..,..,..,..,..,..,..,..,..,..,..,..,..,..,..,..,..,..,..,..
BTN,Bhutan,..,..,..,..,..,..,..,..,..,..,..,..,..,..,..,..,..,..,..,..,..,..,..,..,..,..,..,..,..,..,..,..,..,..,..,..,..,..,..,..
BOL,Bolivia,..,..,..,..,..,..,..,..,..,..,..,..,..,..,..,..,..,..,..,..,127.59,125.32,105.39,107.04,87.33,107.97,135.47,132.96,132.04,127.36,123.84,108.74,102.36,94.04,96.2,100,100.17,96.76,84.83,96.67510223
BIH,Bosnia and Herzegovina,..,..,..,..,..,..,..,..,..,..,..,..,..,..,..,..,..,..,..,..,..,..,..,..,..,..,..,..,..,..,..,..,..,..,..,..,..,..,..,100
BWA,Botswana,..,..,..,..,..,..,..,..,..,..,..,..,..,..,..,..,..,..,..,..,..,..,94.07,87.23,94.48,115.26,115.47,124.09,125.3,118.63,110.41,103.24,102.05,101.92,100.62,100,100.73,91.37,91.37,69.51860046
BRA,Brazil,135.72,124.52,99.88,101.27,116.22,172.32,166.61,162.69,157.38,162.78,178.01,174.96,175.95,196.81,164.28,159.31,179.83,204.89,174.72,158.88,134.54,116.54,115.57,114.92,123.24,116.31,134.53,120.57,132,116.98,97.55,93.78,88.27,95.32,91.86,100,95.08,101.7,111.38,102.5429993
BRN,Brunei,..,..,..,..,..,..,..,..,..,..,..,..,..,..,..,..,..,..,..,..,..,..,..,..,..,..,..,..,..,..,..,..,..,..,..,..,..,..,..,..
BGR,Bulgaria,..,..,..,..,..,..,..,..,..,..,..,..,..,..,..,..,..,..,..,..,171.7,154.65,155.46,149.98,156.92,146.06,138.51,140.49,146.19,143.63,143.05,109.31,100,100,100,100,100,93.27,..,97.50430298
BFA,Burkina Faso,..,..,..,..,..,79.92,83.64,81.54,82.72,79.81,59.81,57.7,49.83,51.43,60.71,52.4,64.64,66.93,47.31,40.28,50.02,48.87,48.75,55.78,65.27,64.82,73.56,81.4,86,90.92,91.01,86.84,88.38,84.19,94.97,100,89.7,84.12,97.8,85.21769714
BDI,Burundi,..,..,..,..,..,139.8,116.19,109.26,110.92,97.02,139.79,132.47,133.73,147.16,128.39,96.5,199.33,353.34,152.63,185.3,134.36,99.09,105.58,123.04,154.38,141.27,172.14,104.25,126.45,103.35,74.63,79.33,56.8,70.03,102.75,100,73.63,90.05,73.98,71.61470032
KHM,Cambodia,..,..,..,..,..,..,..,..,..,..,..,..,..,..,..,..,..,..,..,..,..,..,..,..,..,..,..,..,..,..,..,..,..,..,..,..,..,..,..,..
CMR,Cameroon,..,..,..,..,..,115,106.79,101.35,110.72,113.09,118.57,116.87,101.8,99.43,113.47,106.09,94.31,128.89,99.22,82.7,90.62,76.18,123.6,94.94,86.73,83.62,109.74,96.2,90.84,71.71,87.58,110.67,69.57,79.91,98.07,100,101.05,109.83,101.77,77.5164032
CAN,Canada,84.51,83.39,82.85,81.46,82.6,83.74,84.26,84.55,83.37,82.54,83.25,81.6,82.82,87.55,94.34,91.05,92.74,89.04,86.82,91.28,98.89,101.22,99.07,100.19,99.2,97.73,95.79,98.88,101.07,103.25,101.2,99.28,98.65,96.5,97.21,100,101.6,..,..,100.5530014
CPV,Cape Verde,..,..,..,..,..,..,..,..,..,..,..,..,..,..,..,..,..,..,..,..,..,..,..,..,..,..,..,100,101.79,97.2,100,100,100,100,100,100,100,116.89,96.75,100
CYM,Cayman Islands,..,..,..,..,..,..,..,..,..,..,..,..,..,..,..,..,..,..,..,..,..,..,..,..,..,..,..,..,..,..,..,..,..,..,..,..,..,..,..,..
CAF,Central African Republic,203.49,204.34,269.79,198.42,193.82,179.1,188.49,120.6,230.53,212.73,221.8,216.32,208.55,193.99,92.67,76.69,122.91,158.45,157.95,134.32,135.98,130.88,139.83,134.92,139.5,133.9,121.54,126.78,144.41,153.19,123.55,139.84,146.03,142.09,103.27,100,86.36,77.83,64.36,..
TCD,Chad,149.16,165.87,166.4,161.46,159.73,161.48,159.49,156.2,152.82,144.87,141.98,139.08,156.23,158.43,197.44,139.7,126.85,117.66,122.53,100.4,117.53,115.74,139.02,117.66,117.66,127.93,117.98,112.47,124.24,101.78,116.47,118.03,110.32,100.46,85.2,100,98.86,95.65,..,99.95909882
CHI,Channel Islands,..,..,..,..,..,..,..,..,..,..,..,..,..,..,..,..,..,..,..,..,..,..,..,..,..,..,..,..,..,..,..,..,..,..,..,..,..,..,..,..
CHL,Chile,123.22,114.87,120.69,113.75,128.6,145.55,190.29,168.2,175.74,211.29,187.77,177.88,174.9,191.42,158.85,85.41,93.24,85.98,85.03,94.7,97.15,89.57,77.82,82.76,74.52,71.52,71.56,78.6,90.07,88.95,83.34,82.98,80.34,77.74,87.44,100,88.12,90.82,86.01,80.05899811
CHN,China,76.73,78.96,81.16,81.07,80.95,82.67,89.62,89.39,91.99,95.47,93.27,89.81,92.4,89.94,90,83.72,90.56,99.41,121.69,118.93,120.78,114.51,114.1,112.93,114.53,115.62,100.5,100.41,97.95,97.17,101.17,100.42,98.26,96.78,100.08,100,102.74,104.96,100,100
COL,Colombia,90.68,89.38,91.06,90.41,103.79,87.54,86.56,81.28,81.74,83.97,94.96,89.54,96.32,105.52,94.85,89.52,112.88,135.12,122.88,107.35,111.44,98.01,100.45,101.36,106.51,100.57,123.53,101.71,96.02,95.4,93.18,95.21,93.33,93.87,104.65,100,104.26,105.02,102.16,94.57910156
COM,Comoros,..,..,..,..,..,..,..,..,..,..,..,..,..,..,..,..,..,..,..,..,219.66,175.61,190.24,230.53,156.96,186.19,182.92,168.56,176.87,174.05,169.97,154.3,159.72,142.3,108.42,100,91.69,76.26,77.48,123.6080017
ZAR,"Congo, Dem. Rep.",..,..,..,..,..,90.67,93.96,86.8,69.86,81.76,81.07,64.75,79.69,97.54,93.35,71.43,59.84,71.32,113.1,127.41,105.18,103.64,101.67,103.95,97.3,106.2,106.19,106.25,121.04,144.21,108.27,101.73,121.47,113.05,83.53,100,87.91,81.94,..,..
COG,"Congo, Rep.",246.73,248.54,245.61,253.4,256.86,250.87,254.4,254.56,212.99,194.71,177.9,177.58,152.06,196.81,234.35,154.54,154.66,150.69,139.68,145.6,172.96,178.64,251.94,234.34,249.42,200.86,119.08,131.75,109.28,137.49,120.82,126.39,117.91,122.2,100.81,100,124.45,125.17,82.42,84.00469971
CRI,Costa Rica,114.68,119.74,118.82,119.57,122.22,117.56,116.43,113.63,106.23,105.84,109.84,97.28,95.21,95.33,80.67,85.75,100.34,119.05,107.17,98.86,99.15,82.08,84.64,91.01,93.38,96.49,118.94,99.5,98.65,95.37,89.4,93.02,94.69,93.9,97.14,100,93.38,100.34,99.91,100.7890015
CIV,Cote d'Ivoire,194.51,161.9,163.35,186.19,206.8,164.7,164.76,164.8,164.76,193.23,205.68,144.45,134.88,155.25,159.92,136.59,176.24,245.71,221.52,197.51,115.06,106.57,102.95,107.64,130.05,143.56,146.07,121.45,111.68,94.12,81.69,88.28,92.56,93.13,97.48,100,93.44,93.2,96.54,94.92720032
HRV,Croatia,..,..,..,..,..,..,..,..,..,..,..,..,..,..,..,..,..,..,..,..,..,..,..,..,..,..,..,..,..,..,..,108.18,108.18,99.63,99.61,100,102.54,..,..,105.3710022
CUB,Cuba,..,..,..,..,..,..,..,..,..,..,..,..,..,..,..,..,..,..,..,..,..,..,..,..,..,..,..,..,..,..,..,..,..,..,..,..,..,..,..,..
CYP,Cyprus,..,..,..,..,..,..,..,..,..,..,..,..,..,..,..,..,..,..,..,..,..,..,..,..,..,..,..,..,..,..,..,..,..,..,..,..,..,..,..,..
CZE,Czech Republic,..,..,..,..,..,..,..,..,..,..,..,..,..,..,..,..,..,..,..,..,..,..,..,..,..,..,..,..,..,..,..,93.55,94.67,98.39,98.62,100,102.08,102.09,..,106.6289978
DNK,Denmark,104.92,103.55,106.21,107.13,109.34,109.98,111.45,110.05,107.99,111.98,112.94,110.26,115.59,110.87,100.63,103.3,101.86,100.87,104.33,99.33,93.56,89.56,89.92,91.21,91.01,91.36,95.26,95.67,94.32,94.46,95.93,94.93,98.22,99.15,99.3,100,101.36,..,..,102.3089981
DJI,Djibouti,..,..,..,..,..,..,..,..,..,..,..,..,..,..,..,..,..,..,..,..,..,..,..,..,..,..,..,..,..,..,..,..,..,..,..,..,..,..,..,..
DMA,Dominica,..,..,..,..,..,..,..,..,..,..,..,..,..,..,..,..,..,100,100,100,100,100,100,100,100,100,100,100,100,100,100,100,100,100,100,100,100,100,..,100
DOM,Dominican Republic,88.07,87.15,102.47,112.2,112.11,96.45,104.56,101.42,105.88,111.39,112.8,110.99,137.93,142.14,160.91,140.7,118.46,134.02,117.95,110.54,115.67,121.5,104.47,108.2,102.8,96.15,94.66,86.44,96.34,89.19,62.47,83.95,84.27,92.39,98.27,100,101.16,104.46,104.57,100
ECU,Ecuador,179.96,180.01,179.51,179.81,179.86,179.85,191.4,191.99,188.86,197.88,217.47,190.87,123.42,104.81,160.64,140.83,149.13,173.49,154.02,189.31,206.89,189.69,183.72,180.32,173.31,159.68,115.35,124.99,100.64,109.05,120.83,111.91,111.2,96.81,103.8,100,117.47,95.87,102.15,87.55580139
EGY,"Egypt, Arab Rep.",141.14,134.23,132.73,138.57,146.86,150.17,151,156.33,163.53,172.03,166.85,161.33,153.94,178.04,177.25,154.05,153.14,152.28,136.26,171.91,183.86,188.84,172.56,170.83,164.88,162.42,139.64,99.51,82.37,80.59,86.39,107.25,106.28,105.85,102.41,100,95.19,98.75,83.63,90.65570068
SLV,El Salvador,99.06,92.02,84.43,82.54,86.4,90.76,90.96,86.39,73.38,71.51,93.79,86.43,89.2,96.18,81.53,75.26,109.72,171.27,109.74,98.36,91.08,76.4,70.85,68.29,67.86,69.53,87.94,67.29,72.02,69.58,84.51,85.11,82.32,87.78,93.06,100,93.64,93.7,95.18,89.32050323
GNQ,Equatorial Guinea,..,..,..,..,..,..,..,..,..,..,..,..,..,..,..,..,..,..,..,..,..,..,..,..,..,106.36,126.39,113.96,116.39,137,108.39,97.81,107.84,90.65,99.3,100,112.54,106.13,..,100.1360016
ERI,Eritrea,..,..,..,..,..,..,..,..,..,..,..,..,..,..,..,..,..,..,..,..,..,..,..,..,..,..,..,..,..,..,..,..,93.79,90.28,98.93,100,107.75,109.15,109.48,107.6640015
EST,Estonia,..,..,..,..,..,..,..,..,..,..,..,..,..,..,..,..,..,..,..,..,..,..,..,..,..,..,..,..,..,..,..,..,..,..,..,..,..,..,..,103.8949966
ETH,Ethiopia,..,..,..,..,..,..,..,..,..,..,..,..,..,..,..,..,..,..,..,..,..,98.58,98.58,98.57,98.57,77.96,63.77,83.63,86.07,107.79,89.65,89.45,139.4,108.33,87.77,100,89.09,77.74,93.92,94.4571991
FRO,Faeroe Islands,..,..,..,..,..,..,..,..,..,..,..,..,..,..,..,..,..,..,..,..,..,..,..,..,..,..,..,..,..,..,..,..,..,..,..,..,..,..,..,..
FJI,Fiji,..,..,..,..,..,83.46,85.6,75.02,76.16,81.64,81.58,78.92,78.23,75.6,93.92,109.55,106.14,105.54,102.37,98.03,100.38,87.76,89.25,89.39,89.42,89.41,..,..,..,105.54,..,..,..,..,107.62,100,..,..,..,104.9889984
FIN,Finland,94.71,95.97,94,94.58,98.16,101.58,99.16,96.37,94.7,96,97.36,95.58,94.46,96.13,93.37,98.99,100.77,98.79,94.38,93.94,87.08,84.93,86.28,86.24,89.74,89.49,93.13,95.26,98.77,99.38,98.81,96.74,96.27,94.34,95.65,100,99.39,..,..,95.03949738
FRA,France,109.96,110.17,108.46,110.26,114.07,113.63,112.34,113.4,114.16,114.04,111.98,112.81,113.55,115.58,98.1,100.81,98.86,96.22,99.49,98.06,89.99,86.15,86.18,87.33,86.76,89.1,98.99,99.06,99.17,97.53,97.56,98.2,99.23,100.15,100.61,100,98.71,..,..,100.3880005
PYF,French Polynesia,..,..,..,..,..,..,..,..,..,..,..,..,..,..,..,..,..,..,..,..,..,..,..,..,..,..,..,..,..,..,..,..,..,..,..,..,..,..,..,..
GAB,Gabon,99.18,99.18,99.18,99.18,99.18,99.18,98.55,96.42,96.29,95.29,119.03,113.52,99.8,100.01,189.15,152.55,140.86,146.68,150.07,185.16,262.58,309.49,284.27,283.77,243.92,198.36,123.32,117.48,120.29,118.11,135.22,122.7,116.05,111.62,102.6,100,120.04,121.91,96.83,83.7397995
GMB,"Gambia, The",..,..,..,..,..,..,181.7,187.95,153.53,153.97,177.03,156.76,172.22,182.8,180.6,184.17,134.75,132.97,116.05,163.22,199.93,150.36,141.46,114.6,91.12,94.19,108.63,110.09,107.41,101.55,101.69,104.91,104.44,99.1,99.27,100,100.68,100.67,102.56,98.4131012
GEO,Georgia,..,..,..,..,..,..,..,..,..,..,..,..,..,..,..,..,..,..,..,..,..,..,..,..,..,..,..,..,..,..,..,..,..,..,93.35,100,91.22,89.78,..,103.1679993
DEU,Germany,..,..,..,..,..,..,..,..,..,..,..,..,..,..,..,..,..,..,..,..,..,..,..,..,..,..,..,..,..,..,..,94.7,97.09,98.75,98.87,100,99.61,..,..,100.8460007
DFA,"Germany, Fed. Rep. (former)",..,..,..,..,..,..,..,..,..,..,..,..,..,..,..,..,..,..,..,..,..,..,..,..,..,..,..,..,..,..,..,..,..,..,..,..,..,..,..,..
GHA,Ghana,189.95,165.73,146.78,155.2,166.37,136.57,130.83,187.79,172.45,195.51,155.03,112.3,116.75,163.5,158.45,171.49,144.81,190.1,174.88,175.31,203.87,186.58,125.29,171.46,132.46,121.46,135.42,131.65,125,105.98,99.71,102.19,95.56,85.09,101.47,100,88.48,88.51,98.1,98.24349976
GRC,Greece,94.48,96.29,98.06,102.86,100.74,99.32,99.89,100.21,98.69,99.14,98.2,97.05,95.22,98.47,91.51,87.99,87.08,90.5,89.2,86.77,86.02,90.35,87.89,89.18,84,83.47,85.15,91.13,92.13,89.81,92.02,93.91,96.74,95.26,100.08,100,102.54,..,..,100.6819992
GRL,Greenland,..,..,..,..,..,..,..,..,..,..,..,..,..,..,..,..,..,..,..,..,..,..,..,..,..,..,..,..,..,..,..,..,..,..,..,..,..,..,..,..
GRD,Grenada,..,..,..,..,..,..,..,..,..,..,..,..,..,..,..,..,..,100,100,100,100,100,100,100,100,100,100,100,100,100,100,100,100,100,100,100,100,..,..,100
GUM,Guam,..,..,..,..,..,..,..,..,..,..,..,..,..,..,..,..,..,..,..,..,..,..,..,..,..,..,..,..,..,..,..,..,..,..,..,..,..,..,..,..
GTM,Guatemala,144.43,133.05,136.93,132.01,142.96,134.17,128.29,122.38,123.72,120.66,136.21,123.15,112.2,114.13,103.37,100.49,103.69,127.12,112.32,99.04,92.8,84.56,79.75,80.92,86.1,77.94,92.55,83.41,84.62,82.95,83.48,92.51,91.97,94.22,97.97,100,89.24,93.27,91.49,103.3550034
GIN,Guinea,..,..,..,..,..,..,..,..,..,..,..,..,..,..,..,..,..,..,..,..,..,..,..,..,..,..,156.77,140.18,125.03,137.46,139.23,134.03,106.63,98.92,92.98,100,93.29,110.74,99.95,90.87319946
GNB,Guinea-Bissau,..,..,..,..,..,..,..,..,..,..,177.84,178.2,181.09,159.28,144.23,109.59,108.78,134.23,..,..,122.67,163.48,153.59,157.21,261.86,241.56,207.73,199.58,151.61,158.46,142.98,123.89,101.8,138.37,121.32,100,99.63,99.64,88.99,100.0429993
GUY,Guyana,..,..,..,..,..,..,..,..,..,..,..,..,..,..,..,..,..,..,..,..,..,..,..,..,..,..,..,..,..,..,..,..,..,..,..,..,..,..,..,100
HTI,Haiti,104.92,87.63,71.02,101.91,115.35,104.42,107.44,94.04,103.38,97.52,112.9,108.27,100.85,90.62,79.77,85.64,101.33,119.92,116.38,96.98,97.85,93.9,87.75,92.61,90.88,91.41,99.95,100.39,95.52,97.38,92.52,58.29,66.22,104.78,131.59,100,100.22,105.77,..,100
HND,Honduras,84.35,93.3,99.08,100.52,105.13,100.92,94.89,96.33,96.69,93.38,87.81,82.37,83.97,86.4,78.78,74.69,92.89,110.4,102.1,90.6,90.96,77.74,74.93,71.29,74.06,72.85,85.22,78.82,86.06,81.66,85.9,88.69,81.9,78.99,94.6,100,94.21,92.74,..,95.70410156
HKG,"Hong Kong, China",91.22,91.22,91.21,91.21,91.21,91.21,91.49,92.67,94.21,93.28,93.81,97.78,98.96,96.64,91.25,95.35,97.86,96.91,96.91,96.95,98.08,96.07,97.88,96.12,97.67,100.57,98.1,98.54,98.41,100.14,100.41,101.41,102.43,103.21,102.23,100,100.84,100.81,101.64,101.612999
HUN,Hungary,..,..,..,..,..,..,..,..,..,..,134.49,137.15,132.15,127.67,118.86,112.41,114.52,101.55,102.77,99.52,100.07,99.2,96.69,93.96,91.9,91.44,88.15,88.57,91.31,93.85,94.04,91.24,91.45,94.16,96.52,100,99.02,100.05,..,101.3199997
ISL,Iceland,79.23,84.77,85.16,84.81,90.63,97.64,98.28,96.51,96.25,92.75,100.88,112.38,109.98,121.07,113.06,100.56,108.4,115.97,116.27,106.26,103.32,102.82,101.96,100.65,101.3,100.35,105.78,110.36,109.53,105.24,103.73,107.4,104.49,98.97,98.94,100,96.52,..,..,..
IND,India,..,..,..,..,..,87.14,89.91,94.72,116.19,129.1,122.3,142.21,128.77,138.86,109.52,111.76,113.42,147.98,108.56,106.78,105.73,112.92,112,120.92,119,122.93,129.1,118.23,124.95,122.23,111.47,114.14,112.42,116.07,112.04,100,99.5,96.13,100,92.23660278
IDN,Indonesia,..,..,..,..,..,..,..,21.03,27.44,25.23,32.11,37.93,41.38,48.63,77.76,69.78,69.48,75.3,75.45,95.5,123.94,144.64,140.25,133.51,132.83,142.05,112.55,112.46,95.48,97.1,110.22,106.85,106.3,104.97,107.06,100,111.16,119.93,..,114.9140015
IRN,"Iran, Islamic Rep.",..,..,..,..,..,..,..,..,..,..,..,..,..,..,125.54,116.29,127.55,136.76,126.04,185.8,242.92,254.38,221.5,222.88,229.58,204.11,101.61,125.99,87.39,86.63,117.08,..,..,..,79.87,100,..,..,..,73.76540375
IRQ,Iraq,..,..,..,..,..,..,..,..,..,..,..,..,..,..,..,..,..,..,..,..,..,..,..,..,..,..,..,..,..,..,..,..,..,..,..,..,..,..,..,..
IRL,Ireland,118.15,116.74,118.33,118.55,122.5,121.65,123.66,124.75,122.86,125.07,116.62,118.7,125.21,131.56,112.11,110.09,113.81,111.83,113.86,109.72,103.03,101.09,104.13,107.97,106.66,107.21,111.87,110.92,110.13,111.29,106.23,103.45,102.57,104.57,102.28,100,100.36,..,..,100.6230011
IMY,Isle of Man,..,..,..,..,..,..,..,..,..,..,..,..,..,..,..,..,..,..,..,..,..,..,..,..,..,..,..,..,..,..,..,..,..,..,..,..,..,..,..,..
ISR,Israel,254.1,259.44,263.63,264.1,257.46,117.84,124.74,118,112.15,109.49,109.95,109,103.59,116.38,104.46,101.87,100.41,106.33,105.96,103.62,102.17,102.36,101.93,105.72,103.74,98.8,99.63,97.22,103.19,102.38,103.47,103.38,106.01,102.19,102.79,100,102.75,105.97,..,114.3590012
ITA,Italy,104.15,105.69,106.18,107.99,108.73,108.04,106.26,106.7,106.32,107.66,110.14,109.59,111.35,98.19,87.49,90.08,85.66,87.03,88.26,86.97,84.45,81.75,85.06,86.7,86.52,87.54,99.27,101.92,100.85,100.7,103.9,107.19,107.57,105.15,102.33,100,104.31,..,..,103.5400009
JAM,Jamaica,73.24,72.05,65.57,73.75,68.65,63.97,70.97,71.9,68.39,69.15,70.22,66.95,64.76,64.11,66.98,78.76,74.72,85.87,82.87,74.2,68.64,63.95,63.61,65.43,71.56,77.33,77.33,88.89,97.3,88.31,87.72,75,95.04,90.2,94.38,100,100.01,103.94,108.25,82.54100037
JPN,Japan,138.81,136.12,136.99,137.98,138.04,138.47,135.08,135.45,134.62,132.78,133.73,141.72,147.65,136.74,109.39,104.84,101.61,101.8,113.16,95.85,76.48,76.85,74.11,74.55,76.49,76.26,97.19,100.1,102.54,99.51,93.4,95.87,97.48,99.09,100.49,100,..,..,..,92.98220062
JOR,Jordan,..,..,..,..,..,..,..,..,..,..,..,..,..,..,..,..,62.91,63.22,67.31,71.73,82.45,76.88,78.38,78.18,79.8,80.68,81.75,82.99,86.39,89.78,97.35,102.86,105.36,107.85,103.68,100,90.97,90.69,..,99.90809631
KAZ,Kazakhstan,..,..,..,..,..,..,..,..,..,..,..,..,..,..,..,..,..,..,..,..,..,..,..,..,..,..,..,..,..,..,..,..,143.61,112,115.18,100,88.87,89.81,80.16,91.01370239
KEN,Kenya,134.51,141.16,132.62,129.97,131.48,129.13,129.13,127.84,126.48,124.24,131.62,122.36,130.89,122.46,109.86,99.38,112.27,139.92,118.55,109.57,100.4,87.87,81.72,77.11,87.14,76.61,85.55,77.6,80.58,75.34,72.3,79.62,90.49,103.29,140.25,100,115.69,114.17,120.65,108.038002
KIR,Kiribati,..,..,..,..,..,..,..,..,..,..,..,..,..,..,..,..,..,..,..,..,..,..,..,..,..,..,..,..,..,..,..,..,..,..,..,..,..,..,..,..
PRK,"Korea, Dem. Rep.",..,..,..,..,..,..,..,..,..,..,..,..,..,..,..,..,..,..,..,..,..,..,..,..,..,..,..,..,..,..,..,..,..,..,..,..,..,..,..,..
KOR,"Korea, Rep.",..,..,..,..,..,95.76,100.33,99.95,99.16,97.73,98.17,97.82,98.39,96.94,90.3,83.65,92.77,96.24,98.06,97.02,86.94,85.53,88.89,88.36,89.56,88.16,93.85,96.3,98.31,103.05,101.9,101.7,101.24,101.97,102.42,100,93.44,86.37,..,82.9536972
KWT,Kuwait,..,..,..,..,..,..,..,..,..,..,..,..,..,..,..,..,..,..,..,..,..,..,..,..,..,..,..,..,..,..,..,..,..,..,..,..,..,..,..,..
KGZ,Kyrgyz Republic,..,..,..,..,..,..,..,..,..,..,..,..,..,..,..,..,..,..,..,..,..,..,..,..,..,..,..,..,..,..,..,..,..,123.55,122.75,100,78.27,78.71,80.65,83.01869965
LAO,Lao PDR,..,..,..,..,..,..,..,..,..,..,..,..,..,..,..,..,..,..,..,..,..,..,..,..,..,..,..,..,..,..,..,..,..,..,..,..,..,..,..,..
LVA,Latvia,..,..,..,..,..,..,..,..,..,..,..,..,..,..,..,..,..,..,..,..,..,..,..,..,..,..,..,..,..,..,122.09,143.42,106.71,97.23,90.8,100,90.02,83.42,..,97.23789978
LBN,Lebanon,..,..,..,..,..,..,..,..,..,..,..,..,..,..,..,..,..,..,..,..,..,..,..,..,..,..,..,..,..,100.04,100.04,100.04,100.04,99.77,92.57,100,100.79,100.02,99.6,..
LSO,Lesotho,83.37,83.75,84.29,84.18,84.17,83.42,83.66,94.92,97.56,102.52,83.87,80.36,93.41,98.64,92.21,147.3,124.65,140.09,125.98,96.15,104.56,108.62,89.12,103.25,97.95,95.78,87.25,89.2,95.43,84.24,84.06,74.35,101.02,100.51,100.1,100,99.67,108.95,100.76,..
LBR,Liberia,..,..,..,..,..,..,..,..,..,..,..,..,..,..,..,..,..,..,..,..,..,..,..,..,..,..,..,..,..,..,..,..,..,..,..,..,..,..,..,..
LBY,Libya,..,..,..,..,..,..,..,..,..,..,..,..,..,..,..,..,..,..,..,..,..,..,..,..,..,..,..,..,..,..,..,..,..,..,..,..,..,..,..,..
LIE,Liechtenstein,..,..,..,..,..,..,..,..,..,..,..,..,..,..,..,..,..,..,..,..,..,..,..,..,..,..,..,..,..,..,..,..,..,..,..,..,..,..,..,..
LTU,Lithuania,..,..,..,..,..,..,..,..,..,..,..,..,..,..,..,..,..,..,..,..,..,..,..,..,..,..,..,..,..,..,..,..,..,..,..,..,..,..,..,114.2990036
LUX,Luxembourg,116.75,111.63,108.91,107.55,107.66,107.34,106.73,107.84,109.24,112.87,119.67,110.7,111.61,117.75,121.65,109.27,111.76,104.65,105.62,105.46,105.36,104.9,106.44,104.46,102.33,103.17,104.11,102.93,100.7,101.13,98.97,97.73,100,103.2,102.86,100,99.84,..,..,102.5780029
MAC,Macao,..,..,..,..,..,..,..,..,..,..,..,..,..,..,..,..,..,..,..,..,..,..,..,..,..,..,..,..,..,..,..,..,..,..,..,..,..,..,..,96.14019775
MKD,"Macedonia, FYR",..,..,..,..,..,..,..,..,..,..,..,..,..,..,..,..,..,..,..,..,..,..,..,..,..,..,..,..,..,..,..,..,70.46,100,100,100,100,100,..,96.87129974
MDG,Madagascar,183.39,160.4,162.07,169.13,167.71,152.84,171.2,168.79,171.8,175.02,202.67,197.13,196.54,185.93,158.78,142.57,153.4,150.88,134.33,115.07,108.32,107.32,119.74,129.22,138.23,132.13,144.31,132.21,125.35,118.35,98.87,89.53,91.26,92.34,100.17,100,105.37,125.33,125.33,96.42500305
MWI,Malawi,155.22,136.42,147,160.22,162.07,163.99,162.85,149.86,158.49,167.73,191.82,195.85,177.1,174.99,174.93,175.75,174.91,174.95,174.94,130.97,126.41,152.14,154.23,142.77,147.27,128.68,111.34,107,99.04,107.13,115.52,121.79,99.32,88.36,85.24,100,105.78,111.36,108.95,100.9219971
MYS,Malaysia,127.24,108.01,103.73,97.31,98.37,103.38,97.79,90.94,82.99,93.67,90.93,83.54,73.84,90.55,92.82,79.74,92.31,96.34,96.73,104.03,106.92,97.38,95.55,97.68,105.35,100.65,85.61,92.82,95.13,94.42,94.23,94.57,97.02,96.67,99.1,100,102.45,102.24,100.62,99.89929962
MDV,Maldives,..,..,..,..,..,..,..,..,..,..,..,..,..,..,..,..,..,..,..,..,..,..,..,..,..,..,..,..,..,..,..,..,..,..,..,..,..,..,..,..
MLI,Mali,..,..,..,..,..,..,..,121.98,146.97,144.83,141.61,111.2,107.42,98.85,86.85,86.11,105.97,103.43,95.56,104.21,104.39,96.6,98.94,107.6,112.76,108.98,101.36,112.98,114.11,117.81,120.24,114.55,102.2,99.09,90.67,100,101.14,97.65,98.6,90.07460022
MLT,Malta,..,..,..,..,..,..,..,..,..,..,..,..,..,..,..,..,..,..,..,..,..,..,..,..,..,..,..,..,..,..,..,..,..,..,..,..,..,..,..,..
MHL,Marshall Islands,..,..,..,..,..,..,..,..,..,..,..,..,..,..,..,..,..,..,..,..,..,..,..,..,..,..,..,..,..,..,..,..,..,..,..,..,..,..,..,..
MRT,Mauritania,109.95,110.85,110.37,102.12,100.03,102.02,100.34,102.02,99.51,91.71,94.28,94.39,86.76,90.28,110.22,130.38,139.9,117.79,100.03,88.64,84.8,92.62,94.55,89.87,94.44,102.87,104.81,90.55,95.84,96.26,92.74,98.36,93.43,79.55,89.62,100,99.87,107.78,110.91,101.1100006
MUS,Mauritius,95.47,87.87,90.54,115.16,115.75,93.72,96.42,97.44,81.49,85.81,92.14,90.4,102.06,91.58,146.4,169.87,123.5,111.01,107.07,104.47,98.9,91.24,88.86,95.36,94.12,92.77,108.82,114.66,110.28,104.91,108.25,107,107.05,101.52,99.41,100,100.85,100.1,101.08,95.72750092
MYT,Mayotte,..,..,..,..,..,..,..,..,..,..,..,..,..,..,..,..,..,..,..,..,..,..,..,..,..,..,..,..,..,..,..,..,..,..,..,..,..,..,..,..
MEX,Mexico,104.19,102.81,105.34,111.64,111.58,111.23,111.95,114.05,115.05,113.31,116.82,116.59,115.22,115.25,123.65,122.77,127.74,117.35,120.43,132.19,169.91,175.15,164.07,129.05,129.7,125.72,90.74,102.44,97.73,101.15,108.95,107.43,108.36,108.03,108.66,100,101.45,102.27,99.17,103.8909988
FSM,"Micronesia, Fed. Sts.",..,..,..,..,..,..,..,..,..,..,..,..,..,..,..,..,..,..,..,..,..,..,..,..,..,..,..,..,..,..,..,..,..,..,..,..,..,..,..,..
MDA,Moldova,..,..,..,..,..,..,..,..,..,..,..,..,..,..,..,..,..,..,..,..,..,..,..,..,..,..,..,..,..,..,..,..,100.01,99.99,100,100,100,100,..,100
MCO,Monaco,..,..,..,..,..,..,..,..,..,..,..,..,..,..,..,..,..,..,..,..,..,..,..,..,..,..,..,..,..,..,..,..,..,..,..,..,..,..,..,..
MNG,Mongolia,..,..,..,..,..,..,..,..,..,..,..,..,..,..,..,..,..,..,..,..,..,..,..,..,..,..,..,..,..,..,..,..,..,..,..,..,..,..,..,..
MAR,Morocco,93.27,91.74,89.24,95.11,85.71,82.79,96.85,106.39,98.73,98.16,93.42,95.99,92.89,94.85,106.58,116.02,95.46,91.19,90.09,96.91,94.37,89.31,86.37,87.9,87.4,88.96,96.79,103.06,108.67,106.37,100.82,102.51,105.35,97.22,94.19,100,95.98,92.26,..,117.7320023
MOZ,Mozambique,..,..,..,..,..,..,..,..,..,..,..,..,..,..,..,..,..,..,..,..,221.78,236.53,205.24,208.09,203.25,200.33,204.15,199.36,181.79,170.04,161.11,164.53,145.43,118.05,86.74,100,95.61,98.27,102.75,74.99780273
MMR,Myanmar,..,..,..,..,..,..,..,..,..,..,..,..,..,..,..,..,..,..,..,..,..,..,..,..,..,..,..,..,..,..,..,..,..,..,..,..,..,..,..,..
MNP,N. Mariana Islands,..,..,..,..,..,..,..,..,..,..,..,..,..,..,..,..,..,..,..,..,..,..,..,..,..,..,..,..,..,..,..,..,..,..,..,..,..,..,..,..
NAM,Namibia,..,..,..,..,..,..,..,..,..,..,..,..,..,..,..,..,..,..,..,..,149.06,125.47,117.32,115.51,117.07,143.82,131.37,119.9,139.22,139.91,134.46,102.17,100.11,95.48,111.32,100,100.5,94.42,106.52,92.22419739
NPL,Nepal,..,..,..,..,..,..,..,..,..,..,..,..,..,100,100,100,100,100,100,100,100,100,100,100,100,100,100,99.44,100,100,100,100,100,100,100,100,100,100,100,100
NLD,Netherlands,100.6,100.85,101.63,102.84,102.91,104.71,104.67,105.57,108.07,106.87,106.02,104.93,107.22,106.91,101.48,102.29,102.43,102.78,103.22,100.66,98.96,98.37,100.45,100.34,99.77,100.01,101.19,99.06,100.03,99.72,100.24,99.93,99.08,99.31,99.71,100,99.9,..,..,98.66100311
ANT,Netherlands Antilles,..,..,..,..,..,..,..,..,..,..,..,..,..,..,..,..,..,..,..,..,..,..,..,..,..,..,..,..,..,..,..,..,..,..,..,..,..,..,..,..
NCL,New Caledonia,..,..,..,..,..,..,..,..,..,..,..,..,..,..,..,..,..,..,..,..,..,..,..,..,..,..,..,..,..,..,..,..,..,..,..,..,..,..,..,..
NZL,New Zealand,98.6,95.06,101.57,111.31,114.38,111.4,109.32,97.54,93.28,94.33,89.25,96.03,112.97,123.26,90.53,77.29,81.83,84.12,89.36,91.53,82.99,84.11,83.87,82.94,81.03,81.01,86.08,93.63,100.32,102.19,97.17,94.56,96.03,97.81,99.52,100,102.22,..,..,..
NIC,Nicaragua,149.99,151.37,152.55,142.36,145.07,136,121.93,125.27,118.44,112.8,123.85,111.81,121.89,109.76,100.27,95.38,121.42,134.83,119.8,119.6,76.68,102.94,68.27,121.08,118.73,173.37,143.66,253.27,105.43,102.31,80.93,99.38,58.45,48.17,80.98,100,136.68,..,..,72.91369629
NER,Niger,72.97,76.43,76.71,76.49,75.17,73.8,73.31,65.71,65.5,59.04,54.51,58.36,60.77,58.05,80.43,49.63,53.8,57.21,60.54,84.62,126.07,101.57,120.2,139.19,122.98,110.77,122.44,122.38,109.83,99.79,89.95,83.62,102.89,99.98,99.95,100,100.02,99.75,99.98,77.45819855
NGA,Nigeria,82.17,70.03,66.1,67.95,67.24,61.59,60.41,60.63,61.33,59.82,63.81,82.29,78.71,94.5,190.2,155.89,165.58,245.27,227.18,213.76,329.72,348.28,300.99,276.94,283.42,262.37,127.38,132.54,111.23,136.35,161.51,135.06,117.34,108.2,102.28,100,163.24,118.69,86.76,107.6080017
NOR,Norway,135.11,134.69,134.88,133.43,139.04,141.02,141.79,145.12,150.91,146.62,153.1,153.47,146.88,150.58,149.02,141.63,134.69,130.47,129.24,134.07,144.14,148.63,148.13,145.02,145.42,141.37,116.12,110.64,106.69,110.35,112.28,111.18,103.93,104.06,99.24,100,105.4,..,..,107.1809998
OMN,Oman,..,..,..,..,..,..,..,..,..,..,..,..,..,..,..,..,..,..,..,..,..,..,..,..,..,..,..,..,..,..,..,..,..,..,..,..,..,..,..,..
PAK,Pakistan,207.7,209.8,193.66,185.13,182.43,192.52,198.57,195.41,202.85,201.36,181.24,161.86,150.1,173.25,194.61,120.69,123.19,151.25,146.76,158.55,152.04,112.94,100.31,100.43,107.15,105.56,101.4,109.27,108.78,100.38,101.19,88.03,93.43,91.01,92.64,100,102.21,105.56,93.58,110.4250031
PLW,Palau,..,..,..,..,..,..,..,..,..,..,..,..,..,..,..,..,..,..,..,..,..,..,..,..,..,..,..,..,..,..,..,..,..,..,..,..,..,..,..,..
PAN,Panama,..,..,..,..,..,..,..,..,..,..,..,..,..,..,..,..,..,..,..,..,95.2,95.64,94.09,94.14,94.07,97.64,102.56,102.81,102.54,100.98,98.91,98.57,100.51,102.77,103.04,100,98.22,96.88,102.8,108.7040024
PNG,Papua New Guinea,..,129.81,130.8,136.26,146.36,148.25,140.26,143.12,148.07,148.45,144.72,133.36,130.4,158.43,143.23,111.56,135.34,137.79,122.07,142.43,127.07,97.06,91.2,99.05,103.34,97.59,90.2,96.02,102.51,86.07,80.88,81.87,81.09,80.82,95.23,100,85.47,76.82,..,103.0889969
PRY,Paraguay,33.75,33.76,33.75,35.35,39.46,43.49,47.62,45.81,50.27,51.89,53.64,55.77,60,73.27,67.45,48.72,71.68,86.5,78.54,42.89,74.61,67.17,63.38,52.03,63.42,63.35,63.36,63.39,63.39,60.17,91.45,88.87,104.65,106.18,119.28,100,100.41,90.15,89.55,88.21309662
PER,Peru,..,..,..,..,..,114.15,136.41,116.95,127.08,143.04,131.96,119.84,112.12,141.12,128.36,91.02,93.39,97.22,95.99,132.84,138.21,115.15,109.14,109.74,111.46,108.43,94.68,111,103.37,86.98,106.32,94.27,95.55,88.84,95.91,100,95.93,99.79,92.83,86.15480042
PHL,Philippines,123.89,105.29,89.87,89.62,91.33,88.6,95.77,113.14,123.17,128.2,130.68,122.78,113.4,126.88,121.19,105.23,93.58,97.63,98.53,107.13,93.73,92.54,91.49,84,83.51,97.61,98.73,103.19,111.23,103.66,98.86,98.87,100.12,96.72,98.91,100,101.04,98.79,108.95,123.1149979
POL,Poland,..,..,..,..,..,..,..,..,..,..,..,..,..,..,..,..,..,..,..,..,108.61,107.68,107.48,103.59,102.44,98.11,98.51,102.24,103.54,118.69,96.23,88.01,93.44,100.12,98.61,100,97.03,97.43,103.09,97.02709961
PRT,Portugal,83.24,85.26,88.13,94.67,82.39,80.9,77.24,74.1,92.92,98.79,93.61,96.61,99.66,100.12,100.01,86.6,81.28,83.75,86.37,84.47,80.58,76.05,77.14,77.2,76.63,79.7,89.33,90.38,90.32,90.78,91.92,92.89,95.98,96.7,98.42,100,96.44,..,..,..
PRI,Puerto Rico,..,..,..,..,..,..,..,..,..,..,..,..,..,..,..,..,..,..,..,..,..,..,..,..,..,..,..,..,..,..,..,..,..,..,..,..,..,..,..,..
QAT,Qatar,..,..,..,..,..,..,..,..,..,..,..,..,..,..,..,..,..,..,..,..,..,..,..,..,..,..,..,..,..,..,..,..,..,..,..,..,..,..,..,..
REU,Reunion,..,..,..,..,..,..,..,..,..,..,..,..,..,..,..,..,..,..,..,..,..,..,..,..,..,..,..,..,..,..,..,..,..,..,..,..,..,..,..,102.4629974
ROM,Romania,..,..,..,..,..,..,..,..,..,..,..,..,..,..,..,..,..,..,..,..,..,..,..,..,..,..,..,..,..,98.59,106.24,116.54,114.36,115.1,111.65,100,97.47,95.45,..,96.69819641
RUS,Russian Federation,..,..,..,..,..,..,..,..,..,..,..,..,..,..,..,..,..,..,..,..,..,..,..,..,..,..,..,..,..,..,..,112.33,113.52,101.8,101.43,100,101.14,101.98,..,88.42079926
RWA,Rwanda,76.09,76.09,76.09,76.09,76.1,76.09,76.09,76.09,76.1,76.09,76.1,76.09,74.38,74.37,74.37,74.38,74.37,119.4,81.69,94.97,71.4,57.32,85,106.45,109.82,76.09,99.31,49.92,60.53,50.98,50.19,101.64,85.85,94.85,117.98,100,87.97,146.37,134.44,..
WSM,Samoa,..,..,..,..,..,..,..,..,..,..,..,..,..,..,..,..,..,..,..,..,..,..,..,..,..,..,..,..,..,..,..,..,..,..,..,..,..,..,..,..
STP,Sao Tome and Principe,..,..,..,..,..,..,..,..,..,..,..,..,..,..,..,..,..,..,..,..,..,..,..,..,..,..,..,98.87,97.89,69.35,97.89,97.89,86.79,114.08,100.68,100,113.17,123.35,51.78,113.9209976
SAU,Saudi Arabia,..,..,..,..,..,..,..,..,..,..,..,..,..,..,..,..,..,..,..,..,..,..,..,..,..,..,..,..,..,..,..,..,..,..,..,..,..,..,..,..
SEN,Senegal,157.55,150.88,142.68,156.71,153.96,144.3,136.02,135.68,102.56,93.53,108.9,108.3,106.35,101.49,114.57,113.36,102.38,112.52,116.33,111.76,106.07,110.49,96.85,93.89,108.01,109.69,115.95,113.58,112.11,115.68,115.74,101.43,110.52,102.91,99.89,100,101.84,103.55,108.33,102.5899963
SYC,Seychelles,..,..,..,..,..,..,..,..,..,..,..,..,..,..,..,..,..,..,..,..,..,..,..,..,..,102.76,76.63,78.64,80.27,70.02,71.53,65.55,78,86.01,76.45,100,96.32,101.39,106.9,105.9380035
SLE,Sierra Leone,..,..,..,..,..,..,..,115.69,106.7,102.1,101.29,95.52,85.78,81.95,79.45,73.84,73.38,83.91,101.18,111.65,121.93,93.58,86.68,95.62,85.94,96.46,91.71,94.01,111.54,96.56,119.51,98.68,88.81,113.28,100,100,100.01,101.83,99.49,75.56099701
SGP,Singapore,..,..,..,..,..,..,..,..,..,..,..,..,..,..,..,96.02,95.99,95.5,95.35,94.55,93.86,94.27,96.14,96.52,95.43,94.97,94.87,94.34,95.36,96.09,96.65,97.77,97.91,98.08,99.61,100,..,..,..,..
SVK,Slovak Republic,..,..,..,..,..,..,..,..,..,..,..,..,..,..,..,..,..,..,..,..,..,..,..,..,..,..,..,109.94,116.4,124.96,127.28,102.35,102.63,99.18,99.21,100,96.99,95.78,..,96.92440033
SVN,Slovenia,..,..,..,..,..,..,..,..,..,..,..,..,..,..,..,..,..,..,..,..,..,..,..,..,..,..,..,..,..,..,..,88.3,88.89,94.21,96.89,100,99.52,99.2,..,103.7649994
SLB,Solomon Islands,..,..,..,..,..,..,..,..,..,..,..,..,..,..,..,..,..,..,..,..,..,..,..,..,..,..,..,..,..,..,..,..,..,..,..,..,..,..,..,..
SOM,Somalia,..,..,..,..,..,..,..,..,..,..,..,..,..,..,..,..,..,..,..,..,..,..,..,..,..,..,..,..,..,..,..,..,..,..,..,..,..,..,..,..
ZAF,South Africa,85.21,83.4,79.8,76.64,78.67,74.54,74.86,76.82,81.4,82.33,77.26,80.61,90.87,107.25,117.25,107.5,97.46,101.28,102.91,107.86,120.81,105.51,92.51,93.88,99.5,101.08,104.02,107.37,106.18,101.42,99.45,98.18,96.71,97.62,101.34,100,102.5,101.16,102.52,98.46340179
ESP,Spain,69.34,68.82,72.64,75.33,73.69,73.87,80.36,89.4,95.14,98.11,96.45,96.98,101.4,100.57,86.73,89.73,90.93,88.95,95.75,97.72,84.14,76.66,77.35,74.38,74.95,78.29,90.09,91.66,93.44,95.46,98.21,100.47,102.29,100.57,99.45,100,99.7,..,..,101.348999
LKA,Sri Lanka,128.5,118.4,123.28,111.59,110.15,111.99,106.2,97.01,107.13,98.67,105.97,102.58,97.56,95.84,88.36,73.62,96.27,126.84,124.39,108.95,100.07,94.21,93.36,..,163,119.98,112.05,116.86,107.21,103.18,97.67,95.75,99.68,101.64,97.63,100,101.95,106.16,..,119.1309967
KNA,St. Kitts and Nevis,..,..,..,..,..,..,..,..,..,..,..,..,..,..,..,..,..,100,..,..,..,100.06,100.03,99.88,99.93,99.95,100.02,100.08,99.95,..,99.99,100.01,100,100,100,100,100,100,..,100
LCA,St. Lucia,..,..,..,..,..,..,..,..,..,..,..,..,..,..,..,..,..,..,..,..,100,100.01,100,99.97,99.98,99.99,99.98,99.99,100,100,99.98,99.99,100,99.98,99.98,100,99.98,100,100,101.5410004
VCT,St. Vincent and the Grenadines,..,..,..,..,..,..,..,..,..,..,..,..,..,..,..,..,..,100,100,100,100,100,100,100,100,100,100,100,100,100,100,100,100,100,100,100,100,..,..,100
SDN,Sudan,..,..,..,..,..,..,..,..,..,..,..,..,..,..,..,..,..,..,..,..,..,..,..,..,..,..,..,..,..,..,..,..,..,..,..,..,..,..,..,..
SUR,Suriname,..,..,..,..,..,..,..,..,..,..,..,..,..,..,..,..,..,..,..,..,..,..,..,..,..,..,..,..,..,..,..,..,..,..,..,..,..,..,..,..
SWZ,Swaziland,127.24,127.05,126.73,127.06,126.81,134.16,136.45,136.56,145.23,162.02,146.29,133.88,136.27,130.96,125.14,122.79,126.24,117.84,111.59,111.49,113.92,105.43,111.43,118.72,123.59,120.61,110.44,109.69,110.56,101.47,116.11,113.11,116.32,132.76,99.07,100,92.55,90.94,82.15,80.17310333
SWE,Sweden,120.7,120.61,117.22,116.55,114.1,114.35,114.49,114.49,114.48,115.06,116.12,115.09,114.84,112.61,103.28,111.73,110.85,105.12,101.47,99.57,97.71,95.35,92.37,91.61,94.41,95,100.86,99.86,101.92,102.49,101.04,102.85,102.09,97.64,97.53,100,99.08,..,..,95.98130035
CHE,Switzerland,67.88,68.87,70.26,70.79,72.12,72.77,73.92,75.5,76.99,75.66,73.73,75.55,77.7,76.23,73.03,77.12,80.43,77.68,83,79.39,74.97,74.28,79.06,81.59,81.72,79.85,88.49,91.17,89.01,86.85,88.94,91.65,90.76,93.61,97.94,100,100.33,..,..,..
SYR,Syrian Arab Republic,..,..,..,..,..,..,..,..,..,..,173.13,..,..,..,..,182.36,183.87,209.62,210.6,219.84,220.88,192.14,180.93,153.24,164.6,185.58,135.75,149.68,151.34,173.07,178.49,116.41,121.03,106.46,90.81,100,105.47,105.47,..,105.4700012
TWN,"Taiwan, China",103.02,101.74,111.8,125.61,132.77,109.03,111.5,113.17,114.22,118.36,116.22,113.5,112.29,106.78,98.89,101.08,104.26,102.87,98.16,98.59,92.46,91.49,93.92,94.92,95.72,96.65,102.26,103.35,102.46,102.5,102.85,103.22,104.45,104.89,102.97,100,102.36,..,..,103.7450027
TJK,Tajikistan,..,..,..,..,..,..,..,..,..,..,..,..,..,..,..,..,..,..,..,..,..,..,..,..,..,..,..,..,..,..,..,..,..,100,100,100,..,..,..,..
TZA,Tanzania,..,..,..,..,..,..,..,..,..,..,..,..,..,..,..,..,..,..,..,..,..,..,..,..,..,..,..,..,119.78,112.52,104.91,101.59,91.1,93.56,98.23,100,97.8,94.35,91.1,64.79470062
THA,Thailand,143.56,138.73,144.74,144.05,145.36,146.46,154.07,153.85,161.73,170.48,149.8,120.56,130.41,165.34,140.46,128.29,123.88,117.72,117.2,119.9,114.47,105.15,94.49,105.74,110.17,93.69,97.63,100.5,103.79,100.8,96.72,97.95,100,99.99,98.83,100,101.04,99.42,..,102.6139984
TGO,Togo,207.3,197.57,180.85,189.21,203.17,191.21,219.24,216.85,217.03,209.03,210.76,107.87,92.67,88.78,208.96,82.09,155.92,158.34,139.79,135.24,114.34,118.54,120.41,120.5,130.82,132.93,131.84,124.92,128.17,125.63,127.49,125.19,118.22,109.93,96.67,100,104.61,123.32,125.32,123.7770004
TON,Tonga,..,..,..,..,..,..,..,..,..,..,..,..,..,..,..,..,..,..,..,..,..,..,..,..,..,..,..,..,..,..,..,..,..,..,..,..,..,..,..,..
TTO,Trinidad and Tobago,70.69,68.5,67.71,73.21,69.05,63.02,64.79,66.61,60.97,57.62,58.53,73.35,58.98,72.91,126.3,149.5,157.92,162.01,149.68,191.71,215.05,190.38,183.51,162.52,155.16,164.03,139.52,126.73,115.49,121.84,194.41,132.33,110.27,106.06,101.01,100,112.53,114.87,114.09,114.8779984
TUN,Tunisia,..,256.56,259.32,251.77,223.17,227.01,238.31,232.85,234.67,208.05,114.66,108.16,112,117.22,135.84,127.25,109.8,107.53,111.42,122.63,121.68,125.03,127.05,127.23,121.03,115.33,103.17,105.59,104.75,105.46,103.44,101.91,100.71,99.2,100.94,100,102.54,99.35,101.02,102.5709991
TUR,Turkey,..,..,..,..,..,..,..,..,..,..,..,..,..,..,..,..,..,..,..,..,..,..,..,..,..,..,..,102.24,99.87,91.78,98.79,99.32,98.97,106.32,106.91,100,93.76,99.51,..,100.6460037
TKM,Turkmenistan,..,..,..,..,..,..,..,..,..,..,..,..,..,..,..,..,..,..,..,..,..,..,..,..,..,..,..,..,..,..,..,..,..,..,..,..,..,..,..,100
UGA,Uganda,..,..,..,..,..,..,..,..,..,..,..,..,..,..,..,..,..,..,..,..,..,..,83.75,125.41,150.6,161.01,150.17,97.65,97.43,92.83,74.17,68.09,61.52,57.51,66.92,100,80.16,76.45,78.2,57.33499908
UKR,Ukraine,..,..,..,..,..,..,..,..,..,..,..,..,..,..,..,..,..,..,..,..,..,..,..,..,..,..,..,..,..,..,103.68,105.12,104.02,68.76,118.6,100,101.85,..,..,96.60620117
ARE,United Arab Emirates,..,..,..,..,..,..,..,..,..,..,..,..,..,..,..,..,..,..,..,..,..,..,..,..,..,..,..,..,..,..,..,..,..,..,..,..,..,..,..,..
GBR,United Kingdom,101.36,102.42,103.63,101.92,101.86,102.72,103.99,105.34,102.61,102.34,104.06,104.96,106.38,96.5,85.17,90.45,89.46,90.75,94.88,96.73,100.51,101.14,101.05,101.12,100.09,101.12,97.1,97.45,98.56,100.1,101.1,102.36,104.08,104.4,102.15,100,101.29,..,..,107.3209991
USA,United States,130.63,131.07,130.01,126.1,122.81,123.23,125.2,128.88,129.05,131.21,129.95,126.65,121.19,117.28,98.73,98.61,99.69,95.17,95.24,91.56,84.15,87.58,93.97,100.24,103.98,106.15,103.53,100.59,101.26,100.47,98.66,100.19,99.74,100.89,101.05,100,99.74,..,..,..
URY,Uruguay,..,..,..,..,..,123.41,142.83,127.55,115.82,126.46,130.91,138.66,150.09,174.06,105.74,94.17,93.62,85.29,88.8,90.48,86.13,89.82,89.95,81.74,81.36,77.4,91.61,100.99,102.17,100.2,88.1,90.83,93.1,95.89,97.01,100,100.77,100.63,102.83,104.7949982
UZB,Uzbekistan,..,..,..,..,..,..,..,..,..,..,..,..,..,..,..,..,..,..,..,..,..,..,..,..,..,..,..,..,..,..,..,..,..,..,..,..,..,..,..,109.8779984
VUT,Vanuatu,..,..,..,..,..,..,..,..,..,..,..,..,..,..,..,..,..,..,..,..,..,..,..,..,..,..,..,..,..,..,..,..,..,..,..,..,..,..,..,..
VEN,Venezuela,..,..,..,..,..,..,..,..,..,..,..,..,..,..,88.97,82.28,87.22,90.1,76.3,89.03,132.23,144.83,135.97,128.87,165.68,157.21,83.33,99.14,85.5,116.63,115.12,100.85,99.27,90.06,94.8,100,116.62,105.78,86.91,106.5100021
VNM,Vietnam,..,..,..,..,..,..,..,..,..,..,..,..,..,..,..,..,..,..,..,..,..,..,..,..,..,..,..,..,..,101.68,97.09,92.87,91.62,94.59,95.38,100,103.1,109.93,..,..
VIR,Virgin Islands (U.S.),..,..,..,..,..,..,..,..,..,..,..,..,..,..,..,..,..,..,..,..,..,..,..,..,..,..,..,..,..,..,..,..,..,..,..,..,..,..,..,..
WBG,West Bank and Gaza,..,..,..,..,..,..,..,..,..,..,..,..,..,..,..,..,..,..,..,..,..,..,..,..,..,..,..,..,..,..,..,..,..,..,..,..,..,..,..,79.09230042
YEM,"Yemen, Rep.",..,..,..,..,..,..,..,..,..,..,..,..,..,..,..,..,..,..,..,..,..,..,..,..,..,..,..,..,..,..,258.38,147.38,118.83,100.71,92.04,100,98.52,240.41,201.36,114.8759995
YUG,"Yugoslavia, FR (Serbia/Montenegro)",..,..,..,..,..,..,..,..,..,..,..,..,..,..,..,..,..,..,..,..,..,..,..,..,..,..,..,..,..,..,..,..,..,..,..,..,..,..,..,..
ZMB,Zambia,238.83,219.51,219.36,215.53,215.4,237.38,330.65,328.98,333.54,431.6,341.21,252.46,246.11,316.3,290.73,147.81,157.09,132.98,114,159.81,136.08,99.98,73.53,94.69,100.11,114.81,125.21,157.43,192.04,101.59,131.14,111.98,84.26,85.34,92.61,100,89.76,94.77,88.18,45.74679947
ZWE,Zimbabwe,..,..,..,..,..,..,..,..,..,..,..,..,..,..,..,..,118.23,118.31,118.24,118.35,87.37,74.37,75.55,83.74,98.01,100.1,100.22,99.49,100.46,98.93,100.01,101.4,103.72,100.67,100.64,100,100.1,109.65,108.99,100.348999
